Name,OperationalStatus_Confirmed,PreliminaryOrganizationType,NameAlphabetized_Confirmed
311,Active,Division,NYC 311
Accessory Sign Regulation Interagency Task Force,Dissolved,"Advisory, Oversight, or Regulatory Body",Accessory Sign Regulation Interagency Task Force
Administration for Children's Services,Active,Mayoral Agency,"Children's Services, Administration for"
Advisory Board on Implementation of Racial Justice Charter Amendments,Active,"Advisory, Oversight, or Regulatory Body","Implementation of Racial Justice Charter Amendments, Advisory Board on"
Advisory Commission on Property Tax Reform,Dissolved,"Advisory, Oversight, or Regulatory Body","Property Tax Reform, Advisory Commission on"
Advisory Committee on Female Genital Mutilation and Cutting,Active,"Advisory, Oversight, or Regulatory Body","Female Genital Mutilation and Cutting, Advisory Committee on"
Advisory Council for the NYC Civil Court Housing Part,Active,"Advisory, Oversight, or Regulatory Body","NYC Civil Court Housing Part, Advisory Council for"
Advisory Council on Procurement Lobbying,Active,"Advisory, Oversight, or Regulatory Body","Procurement Lobbying, Advisory Council on"
Advisory Council to the Center for Workplace Accessibility and Inclusion,Active,"Advisory, Oversight, or Regulatory Body","Center for Workplace Accessibility and Inclusion, Advisory Council to"
Advisory Council to the Department for the Aging,Active,"Advisory, Oversight, or Regulatory Body","Aging, Advisory Council to the Department for the"
Age Friendly Commission,Active,"Advisory, Oversight, or Regulatory Body",Age Friendly Commission
Algorithm Advisory Committee,Dissolved,"Advisory, Oversight, or Regulatory Body",Algorithm Advisory Committee
Animal Care Centers of NYC,Active,Non-Governmental Organization,Animal Care Centers of NYC
Archival Review Board,Active,Division,Archival Review Board
"Archives, Reference and Research Advisory Board ",Active,"Advisory, Oversight, or Regulatory Body","Archives, Reference and Research Advisory Board "
Association for a Better New York,Active,Non-Governmental Organization,Association for a Better New York
Atlantic Yards Community Development Corporation,Active,Authority or Public Benefit Corporation,Atlantic Yards Community Development Corporation
Audit Committee,Active,"Advisory, Oversight, or Regulatory Body",Audit Committee
Banking Commission,Active,"Advisory, Oversight, or Regulatory Body",Banking Commission
Black Car and Livery Task Force,Active,"Advisory, Oversight, or Regulatory Body","Black Car and Livery, Task Force"
Board of Collective Bargaining ,Active,"Advisory, Oversight, or Regulatory Body","Collective Bargaining, Board of"
Board of Correction,Active,"Advisory, Oversight, or Regulatory Body","Correction, Board of"
Board of Education Retirement System,Active,"Advisory, Oversight, or Regulatory Body","Education Retirement System, Board of"
Board of Elections,Active,Non-Mayoral Agency,"Elections, Board of"
Board of Health,Active,"Advisory, Oversight, or Regulatory Body","Health, Board of"
Board of Standards and Appeals,Active,"Advisory, Oversight, or Regulatory Body","Standards and Appeals, Board of"
Borough Boards,Active,"Advisory, Oversight, or Regulatory Body",Borough Boards
Borough Historians,Active,"Advisory, Oversight, or Regulatory Body",Borough Historians
Borough Historical Societies,Active,Non-Governmental Organization,Borough Historical Societies
Borough President - Bronx,Active,Elected Office,Borough President - Bronx
Borough President - Brooklyn,Active,Elected Office,Borough President - Brooklyn
Borough President - Manhattan,Active,Elected Office,Borough President - Manhattan
Borough President - Queens,Active,Elected Office,Borough President - Queens
Borough President - Staten Island,Active,Elected Office,Borough President - Staten Island
Brooklyn Bridge Park Corporation,Active,Authority or Public Benefit Corporation,Brooklyn Bridge Park Corporation
Brooklyn Bridge Park Development Corporation,Dissolved,Authority or Public Benefit Corporation,Brooklyn Bridge Park Development Corporation
Brooklyn Marine Terminal Task Force,Active,"Advisory, Oversight, or Regulatory Body",Brooklyn Marine Terminal Task Force
Brooklyn Navy Yard Development Corporation,Active,Authority or Public Benefit Corporation,Brooklyn Navy Yard Development Corporation
Brooklyn Public Library,Active,Non-Governmental Organization,Brooklyn Public Library
BuildNYC,Active,Division,BuildNYC
Business Integrity Commission,Active,"Advisory, Oversight, or Regulatory Body",Business Integrity Commission
Cabinet for Older New Yorkers,Active,"Advisory, Oversight, or Regulatory Body",Cabinet for Older New Yorkers
Campaign Finance Board,Active,"Advisory, Oversight, or Regulatory Body",Campaign Finance Board
Cannabis Advisory Council,Active,"Advisory, Oversight, or Regulatory Body",Cannabis Advisory Council
Caribbean Advisory Council,Active,"Advisory, Oversight, or Regulatory Body",Caribbean Advisory Council
Catskill Watershed Corporation ,Active,Authority or Public Benefit Corporation,Catskill Watershed Corporation 
Center for Brooklyn History,Active,Non-Governmental Organization,"Brooklyn History, Center for"
Center for Innovation through Data Intelligence,Active,Mayoral Office,Center for Innovation through Data Intelligence
Central Park Conservancy,Active,Non-Governmental Organization,Central Park Conservancy
Chancellor,Active,Mayoral Agency,Chancellor
Charter Revision Commission,Active,"Advisory, Oversight, or Regulatory Body",Charter Revision Commission
Chief Advisor to the Mayor,Active,Mayoral Office,"Mayor, Chief Advisor to the"
Chief Climate Officer,Active,Mayoral Office,Chief Climate Officer
Chief Counsel to the Mayor and City Hall,Active,Mayoral Office,"Chief Counsel to the Mayor and City Hall, Office of the"
Chief Efficiency Officer,Active,Mayoral Office,"Efficiency, Mayor's Office of"
Chief Housing Officer,Reorganized,Mayoral Office,Chief Housing Officer
Chief Technology Officer,Active,Mayoral Office,Chief Technology Officer
Child Care Advisory Board,Active,"Advisory, Oversight, or Regulatory Body",Child Care Advisory Board
Child Care Task Force,Dissolved,"Advisory, Oversight, or Regulatory Body",Child Care Task Force
Child Fatality Review Advisory Team,Active,Authority or Public Benefit Corporation,Child Fatality Review Advisory Team
CIG - American Museum of Natural History,Active,Non-Governmental Organization,CIG - American Museum of Natural History
CIG - Bronx County Historical Society,Active,Non-Governmental Organization,CIG - Bronx County Historical Society
CIG - Bronx Museum of the Arts,Active,Non-Governmental Organization,CIG - Bronx Museum of the Arts
CIG - Brooklyn Academy of Music,Active,Non-Governmental Organization,CIG - Brooklyn Academy of Music
CIG - Brooklyn Botanical Garden,Active,Non-Governmental Organization,CIG - Brooklyn Botanical Garden
CIG - Brooklyn Children's Museum,Active,Non-Governmental Organization,CIG - Brooklyn Children's Museum
CIG - Brooklyn Museum,Active,Non-Governmental Organization,CIG - Brooklyn Museum
CIG - Carnegie Hall,Active,Non-Governmental Organization,CIG - Carnegie Hall
CIG - El Museo del Barrio,Active,Non-Governmental Organization,CIG - El Museo del Barrio
CIG - Flushing Council on Culture and the Arts / Flushing Town Hall,Active,Non-Governmental Organization,CIG - Flushing Council on Culture and the Arts / Flushing Town Hall
CIG - Jamaica Center for Arts and Learning,Active,Non-Governmental Organization,CIG - Jamaica Center for Arts and Learning
CIG - Jazz at Lincoln Center,Active,Non-Governmental Organization,CIG - Jazz at Lincoln Center
CIG - Lincoln Center for the Performing Arts,Active,Non-Governmental Organization,CIG - Lincoln Center for the Performing Arts
CIG - Metropolitan Museum of Art,Active,Non-Governmental Organization,CIG - Metropolitan Museum of Art
CIG - Museum of Jewish Heritage,Active,Non-Governmental Organization,CIG - Museum of Jewish Heritage
CIG - Museum of Modern Art,Active,Non-Governmental Organization,CIG - Museum of Modern Art
CIG - Museum of the City of New York,Active,Non-Governmental Organization,CIG - Museum of the City of New York
CIG - Museum of the Moving Image,Active,Non-Governmental Organization,CIG - Museum of the Moving Image
CIG - New York Botanical Garden,Active,Non-Governmental Organization,CIG - New York Botanical Garden
CIG - New York City Ballet,Active,Non-Governmental Organization,CIG - New York City Ballet
CIG - New York City Center,Active,Non-Governmental Organization,CIG - New York City Center
CIG - New York Hall of Science,Active,Non-Governmental Organization,CIG - New York Hall of Science
CIG - PS 1 Contemporary Art Center,Active,Non-Governmental Organization,CIG - PS 1 Contemporary Art Center
CIG - Public Theater,Active,Non-Governmental Organization,CIG - Public Theater
CIG - Queens Botanical Garden,Active,Non-Governmental Organization,CIG - Queens Botanical Garden
CIG - Queens Museum of Art,Active,Non-Governmental Organization,CIG - Queens Museum of Art
CIG - Queens Theatre in the Park,Active,Non-Governmental Organization,CIG - Queens Theatre in the Park
CIG - Snug Harbor Cultural Center & Botanical Garden,Active,Non-Governmental Organization,CIG - Snug Harbor Cultural Center & Botanical Garden
CIG - Staten Island Childrenâ€™s Museum,Active,Non-Governmental Organization,CIG - Staten Island Childrenâ€™s Museum
CIG - Staten Island Historical Society,Active,Non-Governmental Organization,CIG - Staten Island Historical Society
CIG - Staten Island Museum,Active,Non-Governmental Organization,CIG - Staten Island Museum
CIG - Staten Island Zoological Society,Active,Non-Governmental Organization,CIG - Staten Island Zoological Society
CIG - Studio Museum in Harlem,Active,Non-Governmental Organization,CIG - Studio Museum in Harlem
CIG - Wave Hill,Active,Non-Governmental Organization,CIG - Wave Hill
CIG - Weeksville Heritage Center,Active,Non-Governmental Organization,CIG - Weeksville Heritage Center
CIG - Wildlife Conservation Society,Active,Non-Governmental Organization,CIG - Wildlife Conservation Society
Citizens' Advisory Committee,Dissolved,"Advisory, Oversight, or Regulatory Body",Citizens' Advisory Committee for Cultural Plan
City Commission on Human Rights,Active,"Advisory, Oversight, or Regulatory Body","Human Rights, Commission on"
City Council,Active,Elected Office,City Council
City Planning Commission,Active,"Advisory, Oversight, or Regulatory Body",City Planning Commission
Civic Engagement Commission,Active,Mayoral Agency,Civic Engagement Commission
Civil Service Commission,Active,"Advisory, Oversight, or Regulatory Body",Civil Service Commission
Civil Service Commission Screening Committee,Duplicate,"Advisory, Oversight, or Regulatory Body",Civil Service Commission Screening Committee
Civilian Complaint Review Board,Active,"Advisory, Oversight, or Regulatory Body",Civilian Complaint Review Board
Climate Change Adaptation Taskforce,Dissolved,"Advisory, Oversight, or Regulatory Body",Climate Change Adaptation Taskforce
Climate Mobilization Advisory Board,Active,"Advisory, Oversight, or Regulatory Body",Climate Mobilization Advisory Board
Commercial Waste Zone Safety Task Force,Active,"Advisory, Oversight, or Regulatory Body",Commercial Waste Zone Safety Task Force
Commission on Community Reinvestment and the Closure of Rikers Island,Active,"Advisory, Oversight, or Regulatory Body","Community Reinvestment and the Closure of Rikers Island, Commission on"
Commission on Gender Equity,Active,"Advisory, Oversight, or Regulatory Body","Gender Equity, Commission on"
Commission on Public Information and Communication,Active,"Advisory, Oversight, or Regulatory Body","Public Information and Communication, Commission on"
Commission on Racial Equity,Active,"Advisory, Oversight, or Regulatory Body","Racial Equity, Commission on"
Commission on Women's Issues,Active,"Advisory, Oversight, or Regulatory Body","Women's Issues, Commission on"
Commission to Combat Police Corruption,Active,"Advisory, Oversight, or Regulatory Body","Combat Police Corruption, Commission to"
Committee on City Healthcare Services,Active,"Advisory, Oversight, or Regulatory Body","City Healthcare Services, Committee on"
Community Action Board â€“ Dept. of Youth and Community Development,Active,"Advisory, Oversight, or Regulatory Body",Community Action Board – Dept. of Youth and Community Development
Community Affairs Unit,Active,Mayoral Office,"Community Affairs Unit, Mayor's"
Community Boards,Active,"Advisory, Oversight, or Regulatory Body",Community Boards
Community Services Board,Active,"Advisory, Oversight, or Regulatory Body",Community Services Board
Community Services Board - Developmental Disabilities Subcommittee,Active,"Advisory, Oversight, or Regulatory Body",Community Services Board - Developmental Disabilities Subcommittee
Community Services Board - Mental Health Subcommittee,Active,"Advisory, Oversight, or Regulatory Body",Community Services Board - Mental Health Subcommittee
Community Services Board - Substance Use Subcommittee,Active,"Advisory, Oversight, or Regulatory Body",Community Services Board - Substance Use Subcommittee
Comptroller,Active,Elected Office,"Comptroller, Office of the"
Conflicts of Interest Board,Active,"Advisory, Oversight, or Regulatory Body",Conflicts of Interest Board
Convention Center Development Corporation,Active,Authority or Public Benefit Corporation,Convention Center Development Corporation
Convention Center Operating Corporation (Javits),Active,Authority or Public Benefit Corporation,Convention Center Operating Corporation (Javits)
Council for Airport Opportunity - Board of Directors,Active,"Advisory, Oversight, or Regulatory Body","Airport Opportunity, Council for - Board of Directors"
Cultural Affairs Advisory Commission,Active,"Advisory, Oversight, or Regulatory Body",Cultural Affairs Advisory Commission
Cultural Institutions Retirement System - Board of Trustees,Active,"Advisory, Oversight, or Regulatory Body",Cultural Institutions Retirement System - Board of Trustees
CUNY - Board of Trustees,Active,Non-Mayoral Agency,City University of New York
CUNY Construction Fund - Board of Trustees,Active,Authority or Public Benefit Corporation,City University Construction Fund
CUNY Task Force,Ask Ops,"Advisory, Oversight, or Regulatory Body",CUNY Task Force
Cyber Command,Active,Division,Cyber Command
Dangerous Dog Advisory Board,Dissolved,"Advisory, Oversight, or Regulatory Body",Dangerous Dog Advisory Board
Deferred Compensation Board,Active,"Advisory, Oversight, or Regulatory Body",Deferred Compensation Board
Department for the Aging,Active,Mayoral Agency,"Aging, Department for the"
Department of Buildings,Active,Mayoral Agency,"Buildings, Department of"
Department of City Planning,Active,Mayoral Agency,"City Planning, Department of"
Department of Citywide Administrative Services,Active,Mayoral Agency,"Citywide Administrative Services, Department of"
Department of Consumer and Worker Protection,Active,Mayoral Agency,"Consumer and Worker Protection, Department of"
Department of Correction,Active,Mayoral Agency,"Correction, Department of"
Department of Cultural Affairs,Active,Mayoral Agency,"Cultural Affairs, Department of"
Department of Design and Construction,Active,Mayoral Agency,"Design and Construction, Department of"
Department of Education,Active,Mayoral Agency,"Education, Department of"
Department of Environment Protection,Active,Mayoral Agency,"Environmental Protection, Department of"
Department of Finance,Active,Mayoral Agency,"Finance, Department of"
Department of Health and Mental Hygiene,Active,Mayoral Agency,"Health and Mental Hygiene, Department of"
Department of Investigation,Active,Mayoral Agency,"Investigation, Department of"
Department of Parks and Recreation,Active,Mayoral Agency,"Parks and Recreation, Department of"
Department of Probation,Active,Mayoral Agency,"Probation, Department of"
Department of Records & Information Service,Active,Mayoral Agency,"Records and Information Services, Department of"
Department of Sanitation,Active,Mayoral Agency,"Sanitation, Department of"
Department of Small Business Services,Active,Mayoral Agency,"Small Business Services, Department of"
Department of Social Services,Active,Mayoral Agency,"Social Services, Department of"
Department of Social Services - Department of Homeless Services,Active,Division,"Homeless Services, Department of"
Department of Social Services - Human Resources Administration,Active,Division,Human Resources Administration
Department of Transportation,Active,Mayoral Agency,"Transportation, Department of"
Department of Veterans' Services,Active,Mayoral Agency,"Veterans' Services, Department of"
Department of Youth and Community Development,Active,Mayoral Agency,"Youth and Community Development, Department of"
Deputy Mayor of Health & Human Services,Active,Mayoral Office,"Health and Human Services, Deputy Mayor for"
Deputy Mayor of Housing Economic & Workforce Development,Active,Mayoral Office,"Housing, Economic Development and Workforce, Deputy Mayor for"
Deputy Mayor of Operations,Active,Mayoral Office,"Operations, Deputy Mayor for"
Deputy Mayor of Public Safety,Active,Mayoral Office,"Public Safety, Deputy Mayor for"
Deputy Mayor of Strategic Initiatives,Active,Mayoral Office,"Strategic Initiatives, Deputy Mayor for"
Director of Communications,Active,Mayoral Office,"Communications, Director of"
Disconnected Youth Task Force,Dissolved,"Advisory, Oversight, or Regulatory Body",Disconnected Youth Task Force
District Attorney - Bronx County,Active,Elected Office,District Attorney - Bronx County
District Attorney - Kings County,Active,Elected Office,District Attorney - Kings County
District Attorney - New York County,Active,Elected Office,District Attorney - New York County
District Attorney - Queens County,Active,Elected Office,District Attorney - Queens County
District Attorney - Richmond County,Active,Elected Office,District Attorney - Richmond County
District Attorneys,Active,Elected Office,District Attorneys
Domestic Violence Fatality Review Committee,Active,"Advisory, Oversight, or Regulatory Body",Domestic Violence Fatality Review Committee
Downtown Brooklyn Partnership,Active,Non-Governmental Organization,Downtown Brooklyn Partnership
Drug Strategy Advisory Council,Dissolved,"Advisory, Oversight, or Regulatory Body",Drug Strategy Advisory Council
Economic Development Corporation,Active,Authority or Public Benefit Corporation,Economic Development Corporation
Economic Development Corporation Board of Trustees,Ask Ops,"Advisory, Oversight, or Regulatory Body",Economic Development Corporation Board of Trustees
Economic Development Corporation Life Sciences Advisory Council,Ask Ops,"Advisory, Oversight, or Regulatory Body",Economic Development Corporation Life Sciences Advisory Council
Economic Development Corporation Real Estate Life Sciences Advisory Board,Ask Ops,"Advisory, Oversight, or Regulatory Body",Economic Development Corporation Real Estate Life Sciences Advisory Board
Educational Construction Fund,Active,Authority or Public Benefit Corporation,Educational Construction Fund
Environmental Control Board,Active,"Advisory, Oversight, or Regulatory Body",Environmental Control Board
Environmental Justice Advisory Board,Active,"Advisory, Oversight, or Regulatory Body",Environmental Justice Advisory Board
"Environmentally Preferable Purchasing, Use and Disposal of Textiles Task Force",Dissolved,"Advisory, Oversight, or Regulatory Body","Environmentally Preferable Purchasing, Use and Disposal of Textiles Task Force"
Equal Employment Practices Commission,Active,"Advisory, Oversight, or Regulatory Body",Equal Employment Practices Commission
Fair Recovery Task Force,Dissolved,"Advisory, Oversight, or Regulatory Body",Fair Recovery Task Force
Fashion Institute of Technology - Board of Trustees,Active,"Advisory, Oversight, or Regulatory Body",Fashion Institute of Technology - Board of Trustees
FDNY Department Pension Fund,Active,"Advisory, Oversight, or Regulatory Body",FDNY Department Pension Fund
Financial Information Services Agency,Active,Mayoral Agency,Financial Information Services Agency
Fire Department,Active,Mayoral Agency,Fire Department
First Deputy Mayor,Active,Mayoral Office,"Mayor, First Deputy"
Flushing Meadows Corona Park Alliance,Active,"Advisory, Oversight, or Regulatory Body",Flushing Meadows Corona Park Alliance
Food Service Establishment Advisory Board,Active,"Advisory, Oversight, or Regulatory Body",Food Service Establishment Advisory Board
Forest Park Trust,Active,Non-Governmental Organization,Forest Park Trust
Franchise and Concession Review Committee,Active,"Advisory, Oversight, or Regulatory Body",Franchise and Concession Review Committee
Fund for Public Schools,Active,Non-Governmental Organization,Fund for Public Schools
Future Workers Task Force,Dissolved,"Advisory, Oversight, or Regulatory Body",Future Workers Task Force
Gender and Racial Equity Advisory Board,Active,"Advisory, Oversight, or Regulatory Body",Gender and Racial Equity Advisory Board
Get Stuff Built Advisory Board,Active,"Advisory, Oversight, or Regulatory Body",Get Stuff Built Advisory Board
Gracie Mansion Conservancy,Active,Non-Governmental Organization,Gracie Mansion Conservancy
Gracie Mansion Conversancy Advisory Committee,Active,"Advisory, Oversight, or Regulatory Body",Gracie Mansion Conversancy Advisory Committee
Grand Central Partnership,Active,Non-Governmental Organization,Grand Central Partnership
Green Economy Advisory Council,Active,"Advisory, Oversight, or Regulatory Body",Green Economy Advisory Council
Greenbelt Conservancy,Active,Non-Governmental Organization,Greenbelt Conservancy
GrowNYC,Active,Non-Governmental Organization,GrowNYC
Handschu Committee,Active,"Advisory, Oversight, or Regulatory Body",Handschu Committee
Hardship Appeals Panel,Active,"Advisory, Oversight, or Regulatory Body",Hardship Appeals Panel
Health and Hospitals Corporation Board of Directors,Active,"Advisory, Oversight, or Regulatory Body",Health and Hospitals Corporation Board of Directors
Health and Hospitals Corporation Personnel Review Board,Active,"Advisory, Oversight, or Regulatory Body",Health and Hospitals Corporation Personnel Review Board
HIV Planning Council,Active,"Advisory, Oversight, or Regulatory Body",HIV Planning Council
HIV/AIDS Services Advisory Board,Active,"Advisory, Oversight, or Regulatory Body",HIV/AIDS Services Advisory Board
Housing Development Corporation,Active,Authority or Public Benefit Corporation,Housing Development Corporation
Housing Preservation & Development,Active,Mayoral Agency,"Housing Preservation and Development, Department of"
Housing Recovery Office,Active,Mayoral Office,"Housing Recovery Operations, Mayor's Office of"
Hudson River Park Trust,Active,Non-Governmental Organization,Hudson River Park Trust
Hudson River Valley Greenway Communities Council,Active,"Advisory, Oversight, or Regulatory Body",Hudson River Valley Greenway Communities Council
Hudson Yards Infrastructure Corporation,Active,Authority or Public Benefit Corporation,Hudson Yards Infrastructure Corporation
Hurricane Sandy Charitable Organizations and Houses of Worship Recovery Taskforce,Dissolved,"Advisory, Oversight, or Regulatory Body",Hurricane Sandy Charitable Organizations and Houses of Worship Recovery Taskforce
In Rem Foreclosure Board,Active,"Advisory, Oversight, or Regulatory Body",In Rem Foreclosure Board
Independent Budget Office,Active,"Advisory, Oversight, or Regulatory Body",Independent Budget Office
Independent Budget Office Advisory Committee,Active,"Advisory, Oversight, or Regulatory Body",Independent Budget Office Advisory Committee
Industrial Development Agency,Active,Authority or Public Benefit Corporation,Industrial Development Agency
Interagency Coordinating Council,Active,"Advisory, Oversight, or Regulatory Body",Interagency Coordinating Council
Intergovernmental Affairs,Active,Mayoral Office,"Intergovernmental Affairs, Mayor's Office of"
Intergovernmental Affairs - City Legislative Affairs,Active,Division,"City Legislative Affairs, Mayor's Office of"
Intergovernmental Affairs - Federal Legislative Affairs,Active,Division,Intergovernmental Affairs - Federal Legislative Affairs
Intergovernmental Affairs - State Legislative Affairs,Active,Division,Intergovernmental Affairs - State Legislative Affairs
"Jamaica Bay - Rockaway Parks Conservancy, Inc.",Active,Non-Governmental Organization,"Jamaica Bay - Rockaway Parks Conservancy, Inc."
Jamaica Bay Task Force,Active,"Advisory, Oversight, or Regulatory Body",Jamaica Bay Task Force
Jewish Advisory Council,Active,"Advisory, Oversight, or Regulatory Body",Jewish Advisory Council
Juvenile Justice Advisory Board,Active,"Advisory, Oversight, or Regulatory Body",Juvenile Justice Advisory Board
Kings County Public Administrator,Active,Non-Mayoral Agency,Public Administrator - Kings County
Land Development Corporation,Active,Authority or Public Benefit Corporation,Land Development Corporation
Landmarks Preservation Commission,Active,"Advisory, Oversight, or Regulatory Body",Landmarks Preservation Commission
Latin Media and Entertainment Commission,Active,"Advisory, Oversight, or Regulatory Body",Latin Media and Entertainment Commission
Law Department,Active,Mayoral Agency,Law Department
Local Conditional Release Commission,Active,"Advisory, Oversight, or Regulatory Body",Local Conditional Release Commission
Loft Board,Active,"Advisory, Oversight, or Regulatory Body","Loft Board, New York City"
Lower Manhattan Development Corporation,Active,Authority or Public Benefit Corporation,Lower Manhattan Development Corporation
Made in New York,Active,Non-Governmental Organization,Made in New York
Marshall Plan for Moms Task Force,Active,"Advisory, Oversight, or Regulatory Body",Marshall Plan for Moms Task Force
Mayor's Advance Team,Active,Mayoral Office,Mayor's Advance Team
Mayor's Advisory Committee on the Judiciary,Active,"Advisory, Oversight, or Regulatory Body","Judiciary, Mayor's Advisory Committee on the"
Mayor's Chief of Staff,Active,Mayoral Office,"Chief of Staff, Mayor's Office"
Mayor's Committee on City Marshals,Active,"Advisory, Oversight, or Regulatory Body","City Marshals, Mayor's Committee on"
Mayor's Fund Board of Advisors,Active,"Advisory, Oversight, or Regulatory Body",Mayor's Fund Board of Advisors
Mayor's Fund Board of Directors,Active,"Advisory, Oversight, or Regulatory Body",Mayor's Fund Board of Directors
Mayor's Fund to Advance New York City,Active,Non-Governmental Organization,Mayor's Fund to Advance New York City
Mayor's Office,Active,Elected Office,Mayor's Office
Mayor's Office - Executive Director of Talent and Workforce Development,Active,Mayoral Office,Mayor's Office - Executive Director of Talent and Workforce Development
Mayor's Office - Media and Research Analysis,Ask Ops,Mayoral Office,Mayor's Office - Media and Research Analysis
Mayor's Office - Senior Advisor and Director of Public Service Engagement,Active,Mayoral Office,Mayor's Office - Senior Advisor and Director of Public Service Engagement
Mayor's Office - Senior Advisor for External Affairs,Active,Mayoral Office,Mayor's Office - Senior Advisor for External Affairs
Mayor's Office - Senior Advisor to the Mayor,Active,Mayoral Office,Mayor's Office - Senior Advisor to the Mayor
Mayor's Office - Speechwriting,Active,Mayoral Office,Mayor's Office - Speechwriting
Mayor's Office for Economic Opportunity,Active,Mayoral Office,"Economic Opportunity, Mayor's Office for"
Mayor's Office for International Affairs,Active,Mayoral Office,"International Affairs, Mayor's Office for"
Mayor's Office for Nonprofit Services,Active,Mayoral Office,NYC Nonprofits
Mayor's Office for People with Disabilities,Active,Mayoral Office,"People with Disabilities, Mayor's Office for"
Mayor's Office of Administrative Services,Active,Mayoral Office,"Administrative Services, Office of"
Mayor's Office of Animal Welfare,Active,Mayoral Office,"Animal Welfare, Office of"
Mayor's Office of Appointments,Active,Mayoral Office,"Appointments, Mayor's Office of"
Mayor's Office of Citywide Events Coordination & Management,Active,Mayoral Office,"Citywide Event Coordination and Management, Mayor's Office of"
Mayor's Office of Climate and Environmental Justice,Active,Mayoral Office,"Climate and Environmental Justice, Mayor's Office of"
Mayor's Office of Contract Services,Active,Mayoral Office,"Contract Services, Mayor's Office of"
Mayor's Office of Correspondence,Active,Mayoral Office,"Correspondence, Office of"
Mayor's Office of Criminal Justice,Active,Mayoral Office,"Criminal Justice, Mayor's Office of"
Mayor's Office of Equity and Racial Justice,Active,Mayoral Office,"Equity and Racial Justice, Mayor's Office of"
Mayor's Office of Ethnic and Community Media,Active,Mayoral Office,"Ethnic and Community Media, Mayor's Office of"
Mayor's Office of Food Policy,Active,Mayoral Office,"Food Policy, Office of"
Mayor's Office of Immigrant Affairs,Active,Mayoral Office,"Immigrant Affairs, Mayor's Office of"
Mayor's Office of Media and Entertainment,Active,Mayoral Office,"Media and Entertainment, Mayor's Office of"
Mayor's Office of Minority and Women-Owned Business Enterprises,Active,Mayoral Office,"Minority and Women-Owned Business Enterprises, Mayor's Office of"
Mayor's Office of Nightlife,Active,Division,"Nightlife, Office of"
Mayor's Office of Nonprofit Services,Active,Mayoral Office,Mayor's Office of Nonprofit Services
Mayor's Office of Operations,Active,Mayoral Office,"Operations, Mayor's Office of"
Mayor's Office of Pensions and Investments,Active,Mayoral Office,"Pensions and Investments, Mayor's Office of"
Mayor's Office of Policy and Planning,Active,Mayoral Office,"Policy and Planning, Mayor's Office of"
Mayor's Office of Special Enforcement,Active,Mayoral Office,"Special Enforcement, Mayor's Office of"
Mayor's Office of Special Projects and Community Events,Active,Mayoral Office,"Special Projects and Community Events, Mayor's Office of"
Mayor's Office of Sports and Recreation,Active,Mayoral Office,"Sports, Wellness, and Recreation, Mayor's Office of"
Mayor's Office of Strategic Partnerships,Active,Mayoral Office,"Strategic Partnerships, Mayor's Office of"
Mayor's Office of Talent and Workforce Development,Active,Mayoral Office,"Talent and Workforce Development, Mayor's Office of"
Mayor's Office of Urban Agriculture,Active,Division,"Urban Agriculture, Mayor's Office of"
Mayor's Office of Youth Employment,Active,Mayoral Office,"Youth Employment, Mayor's Office of"
Mayor's Office Risk Management & Compliance,Active,Mayoral Office,"Risk Management and Compliance, Mayor's Office of"
Mayor's Office to End Domestic and Gender-Based Violence,Active,Mayoral Office,"End Domestic and Gender-Based Violence, Mayor's Office to"
Mayor's Office to Prevent Gun Violence,Active,Division,"Prevent Gun Violence, Office to"
Mayor's Press Office,Active,Mayoral Office,"Press Office, Mayor's"
Mayor's Public Engagement Unit,Active,Mayoral Office,"Public Engagement Unit, Mayor's"
Medical Equity Advisory Board,Ask Ops,"Advisory, Oversight, or Regulatory Body",Medical Equity Advisory Board
Metropolitan Transportation Authority Board of Directors,Active,Authority or Public Benefit Corporation,Metropolitan Transportation Authority
Metropolitan Transportation Authority Capital Review Board ,Active,"Advisory, Oversight, or Regulatory Body",Metropolitan Transportation Authority Capital Review Board 
Metropolitan Transportation Sustainability Advisory Workgroup,Dissolved,"Advisory, Oversight, or Regulatory Body",Metropolitan Transportation Sustainability Advisory Workgroup
MO of Utility Advocate,Ask Ops,Mayoral Office,"Utility Advocate, MO of"
Moynihan Station Development Corporation,Dissolved,Authority or Public Benefit Corporation,Moynihan Station Development Corporation
Multiple Dwellings Construction Task Force,Active,"Advisory, Oversight, or Regulatory Body",Multiple Dwellings Construction Task Force
Municipal Archives,Active,Division,"Archives, Municipal"
Municipal Division of Transitional Services,Active,Mayoral Office,"Division of Transitional Services, Municipal"
Municipal Records Management Division,Active,Division,"Records Management Division, Municipal"
Municipal Reference and Research Center,Active,Division,"Reference and Research Center, Municipal"
Municipal Services Assessment unit,Active,Mayoral Office,"Municipal Services Assessment, Mayor's Office of"
Municipal Voting Advisory Group,Dissolved,"Advisory, Oversight, or Regulatory Body",Municipal Voting Advisory Group
Municipal Water Finance Authority,Active,Authority or Public Benefit Corporation,"Municipal Water Finance Authority, NYC"
MWBE Advisory Board,Active,"Advisory, Oversight, or Regulatory Body",MWBE Advisory Board
New York City Children's Cabinet ,Active,Mayoral Office,Children's Cabinet
New York City Districting Commission,Active,"Advisory, Oversight, or Regulatory Body",Districting Commission
New York City Employees' Retirement System Pension Fund Board of Trustees,Active,"Advisory, Oversight, or Regulatory Body",New York City Employees' Retirement System Pension Fund Board of Trustees
New York City Housing Authority,Active,Authority or Public Benefit Corporation,"Housing Authority, New York City"
New York City Housing Authority Board,Active,"Advisory, Oversight, or Regulatory Body","Housing Authority Board, New York City"
New York City Municipal Insurance Company,Active,Authority or Public Benefit Corporation,"Municipal Insurance Company, New York City"
New York City Panel on Climate Change,Active,"Advisory, Oversight, or Regulatory Body","Panel on Climate Change, New York City"
New York City Public Housing Preservation Trust,Active,Authority or Public Benefit Corporation,"Public Housing Preservation Trust, New York City"
"New York City School Bus Umbrella Services, Inc.",Active,Authority or Public Benefit Corporation,"School Bus Umbrella Services, Inc., New York City"
New York City School Support Services,Active,Non-Governmental Organization,"School Support Services, New York City"
New York City Transit Riders Council,Active,"Advisory, Oversight, or Regulatory Body","Transit Riders Council, New York City"
New York City Watershed Protection and Partnership Council,Active,"Advisory, Oversight, or Regulatory Body","Watershed Protection and Partnership Council, New York City"
New York Community Trust Distribution Committee,Active,"Advisory, Oversight, or Regulatory Body",New York Community Trust Distribution Committee
New York County Public Administrator,Active,State Government Agency,Public Administrator - New York County
New York Public Library,Active,Non-Governmental Organization,New York Public Library
New York Research Libraries,Active,Non-Governmental Organization,New York Research Libraries
Nightlife Advisory Board,Dissolved,"Advisory, Oversight, or Regulatory Body",Nightlife Advisory Board
Nonprofit Advisory Council,Active,"Advisory, Oversight, or Regulatory Body",Nonprofit Advisory Council
Nuclear Disarmament and Nuclear Weapons-Free Zone Advisory Committee,Active,"Advisory, Oversight, or Regulatory Body",Nuclear Disarmament and Nuclear Weapons-Free Zone Advisory Committee
NYC & Company,Active,Non-Governmental Organization,NYC & Company
NYC Care,Active,Division,NYC Care
NYC Emergency Management,Active,Mayoral Agency,"Emergency Management, NYC"
NYC Health + Hospitals,Active,Authority or Public Benefit Corporation,"Health + Hospitals, NYC"
NYC Media,Duplicate,Division,NYC Media
NYC Media,Active,Division,NYC Media
NYC Service,Active,Mayoral Office,NYC Service
NYC Tourism + Conventions,Active,Non-Governmental Organization,NYC Tourism + Conventions
NYC Transitional Finance Authority,Active,Authority or Public Benefit Corporation,Transitional Finance Authority
NYPD Domestic and Gender-Based Violence Training Committee,Active,"Advisory, Oversight, or Regulatory Body",NYPD Domestic and Gender-Based Violence Training Committee
NYPD Pension Fund Board of Trustees,Active,"Advisory, Oversight, or Regulatory Body",NYPD Pension Fund Board of Trustees
Office Conversions Task Force,Dissolved,"Advisory, Oversight, or Regulatory Body",Office Conversions Task Force
Office for Prevention of Hate Crimes,Active,Mayoral Office,"Prevention of Hate Crimes, Mayor's Office for the"
Office of Administrative Justice Coordinator,Active,Mayoral Office,"Administrative Justice Coordinator, Office of"
Office of Administrative Tax Appeals,Active,Mayoral Agency,"Administrative Tax Appeals, Office of"
Office of Administrative Trials and Hearings,Active,Mayoral Agency,"Administrative Trials and Hearings, Office of"
Office of Asylum Seeker Operations,Active,Mayoral Office,"Asylum Seeker Operations, Office of"
Office of Building Energy and Emissions Performance,Active,Division,"Building Energy and Emissions Performance, Office of"
Office of Capital Project Development,Active,Mayoral Office,"Capital Project Development, Office of"
Office of Childcare and Early Childhood Education,Active,Mayoral Office,"Child Care and Early Childhood Education, Mayor's Office for"
Office of Collective Bargaining,Active,Mayoral Agency,"Collective Bargaining, Office of"
Office of Community Hiring,Active,Mayoral Office,"Community Hiring, Office of"
Office of Community Mental Health,Active,Mayoral Office,"Community Mental Health, Mayor's Office of"
Office of Creative Communications,Duplicate,Mayoral Office,"Creative Communications, Office of"
Office of Creative Communications,Active,Mayoral Office,"Creative Communications, Office of"
Office of Crime Victim Services,Active,Division,"Crime Victim Services, Office of"
Office of Data Analytics,Active,Division,"Data Analytics, Office of"
Office of Diversity and Inclusion,Active,Division,"Diversity and Inclusion, Office of"
Office of Emerging Markets,Active,Mayoral Office,"Innovation and Emerging Markets, Mayor's Office of"
Office of Engagement,Active,Mayoral Office,"Engagement, Mayor's Office of"
Office of Environmental Coordination,Active,Mayoral Office,"Environmental Coordination, Mayor's Office of"
Office of Environmental Remediation,Active,Mayoral Office,"Environmental Remediation, Mayor's Office of"
Office of Faith-Based and Community Partnerships,Active,Division,"Faith-Based and Community Partnerships, Mayor's Office of"
"Office of Film, Theatre, & Broadcasting",Active,Division,"Film, Theater & Broadcasting, Office of"
Office of Healthcare Accountability,Active,Mayoral Office,"Healthcare Accountability, Office of"
Office of Information Privacy,Active,Division,"Information Privacy, Office of"
Office of Labor Relations,Active,Mayoral Office,"Labor Relations, Office of"
Office of Labor Standards,Active,Division,"Labor Standards, Office of"
Office of Management and Budget,Active,Mayoral Office,"Management and Budget, Mayor's Office of"
Office of Marine Debris Disposal and Vessel Surrendering,Active,Division,"Marine Debris Disposal and Vessel Surrendering, Office of"
Office of Neighborhood Safety,Active,Division,"Neighborhood Safety, Office of"
Office of Payroll Administration,Active,Mayoral Agency,"Payroll Administration, Office of"
Office of Payroll Administration Board,Active,"Advisory, Oversight, or Regulatory Body","Payroll Administration Board, Office of"
Office of Recovery and Resiliency,Active,Division,"Recovery and Resiliency, Office of"
Office of Scheduling and Executive Operations,Active,Mayoral Office,"Scheduling and Executive Operations, Office of"
Office of Street Vendor Enforcement,Active,Division,"Street Vendor Enforcement, Office of"
Office of Technology and Innovation,Active,Mayoral Office,"Technology and Innovation, Office of"
Office of the Actuary,Active,"Advisory, Oversight, or Regulatory Body","Actuary, New York City Office of the"
Office of the Chief Medical Examiner,Active,Division,"Chief Medical Examiner, Office of the"
Office of the City Clerk,Active,Division,"City Clerk, Office of the"
Office of the Inspector General for the NYPD,Active,Division,"Inspector General for the NYPD, Office of the"
Office of the Tenant Advocate,Active,Division,"Tenant Advocate, Office of the"
Opioid Settlement Fund Advisory Board,Active,"Advisory, Oversight, or Regulatory Body",Opioid Settlement Fund Advisory Board
Panel on Educational Policy,Active,"Advisory, Oversight, or Regulatory Body",Panel on Educational Policy
Pay Equity Cabinet,Active,Mayoral Office,Pay Equity Cabinet
Police Department,Active,Mayoral Agency,Police Department
Primary Care Development Corporation,Active,Authority or Public Benefit Corporation,Primary Care Development Corporation
Procurement Policy Board,Active,"Advisory, Oversight, or Regulatory Body",Procurement Policy Board
Property Tax Debt Resolution Task Force,Dissolved,"Advisory, Oversight, or Regulatory Body",Property Tax Debt Resolution Task Force
Prospect Park Alliance ,Active,Non-Governmental Organization,Prospect Park Alliance 
Public Administrator - Bronx County,Active,State Government Agency,Public Administrator - Bronx County
Public Administrator - Queens County,Active,State Government Agency,Public Administrator - Queens County
Public Administrator - Richmond County,Active,State Government Agency,Public Administrator - Richmond County
Public Advocate,Active,Elected Office,"Public Advocate, Office of the"
Public Design Commission,Active,"Advisory, Oversight, or Regulatory Body",Public Design Commission
Public Online Capital Projects Database Task Force,Dissolved,"Advisory, Oversight, or Regulatory Body",Public Online Capital Projects Database Task Force
Public Realm,Active,Mayoral Office,"Public Realm, Office of the"
"Public Realm Improvement Fund Governing Group, Inc.",Active,Authority or Public Benefit Corporation,"Public Realm Improvement Fund Governing Group, Inc."
Queens Public Library,Active,Non-Governmental Organization,Queens Public Library
Racial Justice Charter Revision Commission,Dissolved,"Advisory, Oversight, or Regulatory Body",Racial Justice Charter Revision Commission
Racial Justice Commission,Dissolved,"Advisory, Oversight, or Regulatory Body",Racial Justice Commission
Randall's Island Park Alliance ,Active,Non-Governmental Organization,Randall's Island Park Alliance 
Real Estate Advisory Board,Active,"Advisory, Oversight, or Regulatory Body",Real Estate Advisory Board
Rent Guidelines Board,Active,"Advisory, Oversight, or Regulatory Body",Rent Guidelines Board
Rental Horse Advisory Board,Active,"Advisory, Oversight, or Regulatory Body",Mental Hygiene Advisory Board
Residential Mortgage Insurance Corporation ,Active,Authority or Public Benefit Corporation,Residential Mortgage Insurance Corporation 
Retirement Savings Board,Active,"Advisory, Oversight, or Regulatory Body",Retirement Savings Board
Rikers Island Advisory Committee,Active,"Advisory, Oversight, or Regulatory Body",Rikers Island Advisory Committee
Roosevelt Island Operating Corporation,Active,Authority or Public Benefit Corporation,Roosevelt Island Operating Corporation
Sales Tax Asset Receivable Corporation,Active,Authority or Public Benefit Corporation,Sales Tax Asset Receivable Corporation
School Construction Authority,Active,Authority or Public Benefit Corporation,School Construction Authority
School Construction Authority - Board of Trustees,Active,"Advisory, Oversight, or Regulatory Body",School Construction Authority - Board of Trustees
Senior Advisory Council,Active,"Advisory, Oversight, or Regulatory Body",Senior Advisory Council
Sexual Health Education Task Force,Dissolved,"Advisory, Oversight, or Regulatory Body",Sexual Health Education Task Force
Shelter Accessibility Advisory Board,Active,"Advisory, Oversight, or Regulatory Body",Shelter Accessibility Advisory Board
Sheriff,Active,Division,"City Sheriff, Office of the"
Site Safety Training Task Force,Dissolved,"Advisory, Oversight, or Regulatory Body",Site Safety Training Task Force
Small Business Advisory Commission,Active,"Advisory, Oversight, or Regulatory Body",Small Business Advisory Commission
Soil and Water Conservation District ,Active,"Advisory, Oversight, or Regulatory Body",Soil and Water Conservation District 
Special Commissioner of Investigation for the New York City School District,Active,"Advisory, Oversight, or Regulatory Body","New York City School District, Special Commissioner of Investigation for the"
"Sports, Wellness, & Recreation Advisory Board",Active,"Advisory, Oversight, or Regulatory Body","Sports, Wellness, & Recreation Advisory Board"
State Fire Prevention and Building Code Council,Active,"Advisory, Oversight, or Regulatory Body",State Fire Prevention and Building Code Council
Street Harassment Prevention Advisory Board,Active,"Advisory, Oversight, or Regulatory Body",Street Harassment Prevention Advisory Board
Street Vendor Advisory Board,Active,"Advisory, Oversight, or Regulatory Body",Street Vendor Advisory Board
Sustainability Advisory Board (Formerly OneNYC),Dissolved,"Advisory, Oversight, or Regulatory Body",Sustainability Advisory Board (Formerly OneNYC)
Task Force on African American Civil Rights History Museum ,Dissolved,"Advisory, Oversight, or Regulatory Body","African American Civil Rights History Museum, Task Force on"
"Task Force on Monuments, Statues, Public Art and Historical Markers",Dissolved,"Advisory, Oversight, or Regulatory Body","Monuments, Statues, Public Art and Historical Markers, Task Force on"
Taskforce on Racial Inclusion and Equity,Active,"Advisory, Oversight, or Regulatory Body","Racial Inclusion and Equity, Taskforce on"
Tax Appeals Tribunal,Active,Division,Tax Appeals Tribunal
Tax Commission,Active,Division,Tax Commission
Taxi and Limousine Commission,Active,Mayoral Agency,Taxi and Limousine Commission
Teachers' Retirement System Pension Fund Board of Trustees,Active,"Advisory, Oversight, or Regulatory Body",Teachers' Retirement System Pension Fund Board of Trustees
Temporary Commercial Incentive Area Boundary Commission,Dissolved,"Advisory, Oversight, or Regulatory Body","Commercial Incentive Area Boundary, Temporary Commission"
Temporary Task Force on Post-Incarceration Reentry for Older Adults,Dissolved,"Advisory, Oversight, or Regulatory Body","Post-Incarceration Reentry for Older Adults, Temporary Task Force on"
Temporary Task Force to Review Tax Lien Sales,Dissolved,"Advisory, Oversight, or Regulatory Body","Review Tax Lien Sales, Temporary Task Force to"
The Village Alliance,Active,Non-Governmental Organization,The Village Alliance
Theater Subdistrict Council Local Development Corporation,Active,Authority or Public Benefit Corporation,Theater Subdistrict Council Local Development Corporation
Three Quarter Housing Task Force,Active,"Advisory, Oversight, or Regulatory Body",Three Quarter Housing Task Force
Times Square Alliance,Active,Non-Governmental Organization,Times Square Alliance
Tobacco Settlement Asset Securitization Corporation,Active,Authority or Public Benefit Corporation,Tobacco Settlement Asset Securitization Corporation
Traffic Mobility Review Board,Active,"Advisory, Oversight, or Regulatory Body",Traffic Mobility Review Board
Transportation of Students in Temporary Housing Task Force,Active,"Advisory, Oversight, or Regulatory Body",Transportation of Students in Temporary Housing Task Force
Trust for Cultural Resources,Active,Non-Governmental Organization,"Cultural Resources, Trust for"
Trust for Governors Island,Active,Non-Governmental Organization,"Governors Island, Trust for"
"TSASC, Inc.",Active,Authority or Public Benefit Corporation,"TSASC, Inc."
Union Square Partnership,Active,Non-Governmental Organization,Union Square Partnership
United Nations Development Corporation,Active,Authority or Public Benefit Corporation,United Nations Development Corporation
Unity Project,Active,Division,Unity Project
Urban Agricultural Advisory Board,Active,"Advisory, Oversight, or Regulatory Body",Urban Agricultural Advisory Board
Vehicle Removal Task Force,Dissolved,"Advisory, Oversight, or Regulatory Body",Vehicle Removal Task Force
Veterans Advisory Board,Active,"Advisory, Oversight, or Regulatory Body",Veterans Advisory Board
Voter Assistance Advisory Committee,Active,"Advisory, Oversight, or Regulatory Body",Voter Assistance Advisory Committee
Water Board,Active,Authority or Public Benefit Corporation,"Water Board, New York City"
Waterfront Management Advisory Board,Active,"Advisory, Oversight, or Regulatory Body",Waterfront Management Advisory Board
Workforce Development Board,Active,"Advisory, Oversight, or Regulatory Body",Workforce Development Board
Workforce Development Council,Active,"Advisory, Oversight, or Regulatory Body",Workforce Development Council
Workplace Health and Safety Guidance Review Board,Dissolved,"Advisory, Oversight, or Regulatory Body",Workplace Health and Safety Guidance Review Board
World Trade Center Captive Insurance Company,Active,Authority or Public Benefit Corporation,World Trade Center Captive Insurance Company
World Trade Center Memorial Foundation,Active,Non-Governmental Organization,World Trade Center Memorial Foundation
World Trade Center Performing Arts Center,Active,Non-Governmental Organization,World Trade Center Performing Arts Center
Young Future Leaders Advisory Board,Ask Ops,"Advisory, Oversight, or Regulatory Body",Young Future Leaders Advisory Board
Young Men's Initiative,Active,Mayoral Office,Young Men's Initiative
Young Men's Initiative Advisory Board,Active,"Advisory, Oversight, or Regulatory Body",Young Men's Initiative Advisory Board
Youth Board,Active,"Advisory, Oversight, or Regulatory Body",Youth Board